Index	Organelle	Species	Source	Accession number	Name	Peptide
cTPARA1	Chloroplaste	Arabidopsis thaliana	Rowland et al (2015)	AT1G03475.1		MASHSSTLLSSPTFAPFSSHRLHYSPNPSTLRFSRPIRNKPNLALRCS
cTPARA2	Chloroplaste	Arabidopsis thaliana	Rowland et al (2015)	AT1G09340.1		MAKMMMLQQHQPSFSLLTSSLSDFNGAKLHLQVQYKRKVHQPKGALYVSAS
cTPARA3	Chloroplaste	Arabidopsis thaliana	Rowland et al (2015)	AT1G09750.1		MASSSLHFFFFLTLLLPFTFTTATRDTCATAAPDGSDDLSIIPINAKCSPFAPTHVSASVIDTVLHMASSDSHRLTYLSSLV
cTPARA4	Chloroplaste	Arabidopsis thaliana	Rowland et al (2015)	AT1G09795.1		MPISIPLNATLQYSSPSSSSSSSSLVPSSPLFSPIPSTTVSLTGIRQRCLRMVTSCV
cTPARA5	Chloroplaste	Arabidopsis thaliana	Rowland et al (2015)	AT1G09830.1		MSSLCASNCYPSSSSINLFSNNNNPTKPFLLSLRFASSNSLPFVAPLKFSTTNHVLSNSRFSSNRIQRRLFLLRCV
cTPARA6	Chloroplaste	Arabidopsis thaliana	Rowland et al (2015)	AT1G11750.1		MAGLAISPPLGLSFSSRTRNPKPTSFLSHNQRNPIRRIVSALQSPYGDSLKAGLSSNVSGSPIKIDNKAPRFGVIEAK
cTPARA7	Chloroplaste	Arabidopsis thaliana	Rowland et al (2015)	AT1G12900.1,AT3G26650.1		MASATFSVAKPSLQGFSEFSGLRNSSALPFAKRSSSDEFVSFVSFQTSAMRSNGGYRKGVTEAK
cTPARA8	Chloroplaste	Arabidopsis thaliana	Rowland et al (2015)	AT1G16080.1		MAKASSTLFAVSCSASARFSFLRRSESLKPSVSRARFAVPMAMAA
cTPARA9	Chloroplaste	Arabidopsis thaliana	Rowland et al (2015)	AT1G18500.1		MASSLLRNPNLYSSTTITTTSFLPTFSSKPTPISSSFRFQPSHHRSISLRSQTLRLSCS
cTPARA10	Chloroplaste	Arabidopsis thaliana	Rowland et al (2015)	AT1G24360.1		MAAAVAAPRLISLKAVAKLGFREISQIRQLAPLHSAIPHFGMLRCRSRQPFSTSVVKAQA
cTPARA11	Chloroplaste	Arabidopsis thaliana	Rowland et al (2015)	AT1G27680.1		MESCFPAMKLNQCTFGLNNEIVSERVSAFWGTQVVKPNHLRTTKLRSAPQKKIQTNLIRSV
cTPARA12	Chloroplaste	Arabidopsis thaliana	Rowland et al (2015)	AT1G29900.1		MRNHCLELSSNCSSIFASSKSNPRFSPSKLSYSTFFSRSAIYYRSKPKQASSSSSFSTFPPCLNRKSSLTHV
cTPARA13	Chloroplaste	Arabidopsis thaliana	Rowland et al (2015)	AT1G31190.1		MGRSLIFSGNMSLRISHLPRSSLPLQNPISGRTVNRTFRYRCTRILSNSFKSTTRLQTKAV
cTPARA14	Chloroplaste	Arabidopsis thaliana	Rowland et al (2015)	AT1G32060.1		MAVSTIYSTQALNSTHFLTSSSSSKQVFLYRRQPQTNRRFNTLITCA
cTPARA15	Chloroplaste	Arabidopsis thaliana	Rowland et al (2015)	AT1G32200.1		MTLTFSSSAATVAVAAATVTSSARVPVYPLASSTLRGLVSFRLTAKKLFLPPLRSRGGVSVRAMS
cTPARA16	Chloroplaste	Arabidopsis thaliana	Rowland et al (2015)	AT1G35680.1		MASSSATLSLCSTFSAHCNVNSRRSSTILCSLSKPSLNLAKPLTGFLSPSTASTSRTAFTVAPKFA
cTPARA17	Chloroplaste	Arabidopsis thaliana	Rowland et al (2015)	AT1G42970.1		MATHAALAVSRIPVTQRLQSKSAIHSFPAQCSSKRLEVAEFSGLRMSSIGGEASFFDAVAAQIIPKAVTTSTPVRGETVAK
cTPARA18	Chloroplaste	Arabidopsis thaliana	Rowland et al (2015)	AT1G48860.1		MASSLTSKSILGCTKPASSSFLPSELRRLSSPAVQISLHSQTRKNFRQSWGLKKSDLMLNGSEIRPVKVRAS
cTPARA19	Chloroplaste	Arabidopsis thaliana	Rowland et al (2015)	AT1G50900.1		MASSSISFSCAPSLATSLFSTTSSSPRLLSSRFLGTRNLKLRIRPARLGPSNGSRTTCW
cTPARA20	Chloroplaste	Arabidopsis thaliana	Rowland et al (2015)	AT1G51100.1		MASTSTLLLPSLSSKNLHIAVPIRTNSFVRRTTKFSTKCS
cTPARA21	Chloroplaste	Arabidopsis thaliana	Rowland et al (2015)	AT1G54580.1, AT1G54630.1		MASIATSASTSLQARPRQLVIGAKQVKSFSYGSRSNLSFNLRQLPTRLTVYCA
cTPARA22	Chloroplaste	Arabidopsis thaliana	Rowland et al (2015)	AT1G62780.1		MATLSFGIAAAATTVRTIPRFNSRRSKITCE
cTPARA23	Chloroplaste	Arabidopsis thaliana	Rowland et al (2015)	AT1G67090.1		MASSMLSSATMVASPAQATMVAPFNGLKSSAAFPATRKANNDITSITSNGGRVNCM
cTPARA24	Chloroplaste	Arabidopsis thaliana	Rowland et al (2015)	AT1G67280.1		MVRIIPMAASSIRPSLACFSDSPRFPISLLSRNLSRTLHVPQSQLFGLTSHKLLRRSVNCLG
cTPARA25	Chloroplaste	Arabidopsis thaliana	Rowland et al (2015)	AT1G69830.1		MSTVPIESLLHHSYLRHNSKVNRGNRSFIPISLNLRSHFTSNKLLHSIGKSVGVSSMNKSPVAIRAT
cTPARA26	Chloroplaste	Arabidopsis thaliana	Rowland et al (2015)	AT1G74260.1		MNTSQATRAALFLNGSNRQAMLLQRSSMSQLWGSVRMRTSRLSLNRTKAVSLRCSAQPNKPKA
cTPARA27	Chloroplaste	Arabidopsis thaliana	Rowland et al (2015)	AT1G78630.1		MAVLCSSSTVILSSSSVKSSGSERKSPFLGFSLTAISKPSVRVGIYANSKRGLQVKCE
cTPARA28	Chloroplaste	Arabidopsis thaliana	Rowland et al (2015)	AT2G01140.1		MASASFVKPNTLSSPWIGQRSFAHTSASSSPPPRVSFAIRAG
cTPARA29	Chloroplaste	Arabidopsis thaliana	Rowland et al (2015)	AT2G04030.1		MAPALSRSLYTSPLTSVPITPVSSRLSHLRSSFLPHGGALRTGVSCSWNLEKRCNRFAVKCD
cTPARA30	Chloroplaste	Arabidopsis thaliana	Rowland et al (2015)	AT2G04400.1		MEGLVPVQRLPIKVASPSLYRCNNSVSIRRSISGFAMDRKINFRAPSQFSIRAQ
cTPARA31	Chloroplaste	Arabidopsis thaliana	Rowland et al (2015)	AT2G05990.1		MAATAASSLQIATRRPSMSSPSKILKAGTYIVGANPGNASWDKLSCTRQLSNLGCLRNHSAVPTCKRPFSFSTRAMS
cTPARA32	Chloroplaste	Arabidopsis thaliana	Rowland et al (2015)	AT2G15620.1		MTSFSLTFTSPLLPSSSTKPKRSVLVAA
cTPARA33	Chloroplaste	Arabidopsis thaliana	Rowland et al (2015)	AT2G21330.1		MASSTATMLKASPVKSDWVKGQSLLLRQPSSVSAIRSHVAPSALTVRAA
cTPARA34	Chloroplaste	Arabidopsis thaliana	Rowland et al (2015)	AT2G28000.1		MASANALSSASVLCSSRQSKLGGGNQQQGQRVSYNKRTIRRFSVRAN
cTPARA35	Chloroplaste	Arabidopsis thaliana	Rowland et al (2015)	AT2G28190.1		MAATNTILAFSSPSRLLIPPSSNPSTLRSSFRGVSLNNNNLHRLQSVSFAVKAPSKALTVVSA
cTPARA36	Chloroplaste	Arabidopsis thaliana	Rowland et al (2015)	AT2G29630.1		MAASVHCTLMSVVCNNKNHSARPKLPNSSLLPGFDVVVQAAATRFKKETTTTRAT
cTPARA37	Chloroplaste	Arabidopsis thaliana	Rowland et al (2015)	AT2G35500.1		MAAFASGLAIIFNSPSLNPVTTQATFLSSNRIRSSPRVFSGFHSLRRRGFRRFSQNVIPDRFNSFSCNCLS
cTPARA38	Chloroplaste	Arabidopsis thaliana	Rowland et al (2015)	AT2G36390.1		MVYTISGVRFPHLPSIKKKNSSLHSFNEDLRRSNAVSFSLRKDSRSSGKVFAR
cTPARA39	Chloroplaste	Arabidopsis thaliana	Rowland et al (2015)	AT2G37660.1		MAMMTTTTTTFFHPLLPANTYKSGAVASSFVSVPRSSSLQFRSLVSDSTSICGPSKFTGKNRRVSVTVSAA
cTPARA40	Chloroplaste	Arabidopsis thaliana	Rowland et al (2015)	AT2G39730.1		MAAAVSTVGAINRAPLSLNGSGSGAVSAPASTFLGKKVVTVSRFAQSNKKSNGSFKVLAVKEDKQTDGDRWRG
cTPARA41	Chloroplaste	Arabidopsis thaliana	Rowland et al (2015)	AT2G42130.4		MALIHGSVPGTSAVRLVFSTSASPSRFCLNVPVVKQGWKNSCRRRVLRAMV
cTPARA42	Chloroplaste	Arabidopsis thaliana	Rowland et al (2015)	AT2G45440.1		MAALKGYGLCSMDSALQFPCPKLFNSYKRRSSKWVSPKAA
cTPARA43	Chloroplaste	Arabidopsis thaliana	Rowland et al (2015)	AT2G47400.1		MTTIAAAGLNVATPRVVVRPVARVLGPVRLNYPWKFGSMKRMVVVKA
cTPARA44	Chloroplaste	Arabidopsis thaliana	Rowland et al (2015)	AT2G47730.1		MGAIQARLPLFLSPPSIKHHTFLHSSSSNSNFKIRSNKSSSSSSSSIIMA
cTPARA45	Chloroplaste	Arabidopsis thaliana	Rowland et al (2015)	AT3G08740.1		MAGRAIFSVSCSSTPSLCIPYSTASFSSMNRLALPAVRISPRTNRFPRIHCS
cTPARA46	Chloroplaste	Arabidopsis thaliana	Rowland et al (2015)	AT3G09150.1		MALSMEFGFSIGSCFKAPNPPVLISASPNKINFTLRRRKKRFLLRVSAV
cTPARA47	Chloroplaste	Arabidopsis thaliana	Rowland et al (2015)	AT3G12780.1		MASAAASSAFSLLKSTGAVASSAGTRARASLLPIPSTSVSARPLGFSATLDSRRFSLHVASKVESVRGKGSRGVVSMA
cTPARA48	Chloroplaste	Arabidopsis thaliana	Rowland et al (2015)	AT3G21200.1		MQLQTQSFALNLLPSPNFAKPIERREFISLKRDPSRPISLRCS
cTPARA49	Chloroplaste	Arabidopsis thaliana	Rowland et al (2015)	AT3G22890.1		MASMAAVLSKTPFLSQPLTKSSPNSDLPFAAVSFPSKSLRRRVGSIRAG
cTPARA50	Chloroplaste	Arabidopsis thaliana	Rowland et al (2015)	AT3G23940.1		MQATIFSPRATLFPCKPLLPSHNVNSRRPSIISCS
cTPARA51	Chloroplaste	Arabidopsis thaliana	Rowland et al (2015)	AT3G26900.1		MEIFSASASLTLTGFVPRLLPLLSPQARTTLCKPLLSSSSTRLISCHSRIAPSRS
cTPARA52	Chloroplaste	Arabidopsis thaliana	Rowland et al (2015)	AT3G27160.1		MAASFSLTSFISFISPFKSQTKPTPPPNLTLPSPTISQRRRNDLAIESMAVEETSSTASSLSSELASVICPSLAYSNTLFFS
cTPARA53	Chloroplaste	Arabidopsis thaliana	Rowland et al (2015)	AT3G27740.1		MAMATRTLGFVLPTSLSSQPSFDRRGGGFRVSVIRCS
cTPARA54	Chloroplaste	Arabidopsis thaliana	Rowland et al (2015)	AT3G27830.1		MASTTLSIATTIRSSSYPTLASINHFPSRTTTIEFPSRFGGGSSSTLTHRATHLRPIAA
cTPARA55	Chloroplaste	Arabidopsis thaliana	Rowland et al (2015)	AT3G52150.1		MATFLTNVVSIKPTIFSFQSESFTPLHTRVNVFSSKPFPSLAGTFSRSSRTRFIPYAV
cTPARA56	Chloroplaste	Arabidopsis thaliana	Rowland et al (2015)	AT3G52155.1		MLSLQCLPPFFISVPNRSTNSCSTAPLRA
cTPARA57	Chloroplaste	Arabidopsis thaliana	Rowland et al (2015)	AT3G54050.1		MAATAATTTSSHLLLSSSRHVASSSQPSILSPRSLFSNNGKRAPTGVRNHQYASGVRCMA
cTPARA58	Chloroplaste	Arabidopsis thaliana	Rowland et al (2015)	AT3G55040.1		MSVGLKVSAFLHPTLALSSRDVSLSSSSSSLYLDRKILRPGSGRRWCKSRRTEPILAV
cTPARA59	Chloroplaste	Arabidopsis thaliana	Rowland et al (2015)	AT3G55800.1		METSIACYSRGILPPSVSSQRSSTLVSPPSYSTSSSFKRLKSSSIFGDSLRLAPKSQLKATKAKSNGASTVTKCE
cTPARA60	Chloroplaste	Arabidopsis thaliana	Rowland et al (2015)	AT3G57560.1		MATVTSNASPKSFSFTVSNPFKTLIPNKSPSLCYPTRNKNHHRLGFSIKAT
cTPARA61	Chloroplaste	Arabidopsis thaliana	Rowland et al (2015)	AT3G57610.1		MSLSSLTLDSNPRFAVGGPYHRRYPPLHHPRSFVSCSAKRPAVSAS
cTPARA62	Chloroplaste	Arabidopsis thaliana	Rowland et al (2015)	AT3G58140.1		MTVFSVQSTIFSRASVALLSSNGFKRFSFVSSFSSSAAYSPPKMRKRRYPIVSA
cTPARA63	Chloroplaste	Arabidopsis thaliana	Rowland et al (2015)	AT3G60750.1		MASTSSLALSQALLARAISHHGSDQRGSLPAFSGLKSTGSRASASSRRRIAQSMTKNRSLRPLVRAA
cTPARA64	Chloroplaste	Arabidopsis thaliana	Rowland et al (2015)	AT3G62030.1		MASSSSMQMVHTSRSIAQIGFGVKSQLVSANRTTQSVCFGARSSGIALSSRLHYASPIKQFSGVYATTKHQRTACVKSMA
cTPARA65	Chloroplaste	Arabidopsis thaliana	Rowland et al (2015)	AT3G62410.1		MATIATGLNIATQRVFVTSENRPVCLAGPVHLNNSWNLGSRTTNRMMKLQPIKA
cTPARA66	Chloroplaste	Arabidopsis thaliana	Rowland et al (2015)	AT3G62530.1		MFLSQFRSCKPLLESRLPLLRLSLSKCLDQSFKTTASSEYG
cTPARA67	Chloroplaste	Arabidopsis thaliana	Rowland et al (2015)	AT3G63170.1		MVSFRFPFSFSQPPRATTSFSGFSISAVAVSVTVGAAAAGAAIAASRNPSHPILEWAFSSHRSSLSPWGS
cTPARA68	Chloroplaste	Arabidopsis thaliana	Rowland et al (2015)	AT4G01310.1		MASPSLLQSSASSFHGRFSPLAAPSSARMLSPPLRNVVKVSAS
cTPARA69	Chloroplaste	Arabidopsis thaliana	Rowland et al (2015)	AT4G04020.1		MATVPLFTQFPCKTLNPSSSNTKHQSKSPILLPINSINRRSEIGVSVHRPDFKIRA
cTPARA70	Chloroplaste	Arabidopsis thaliana	Rowland et al (2015)	AT4G09040.1		MALLRLPGISLQILGHKSNQKNPNPNVAFTNHSLSLSTPSLCRLHRHATFPDSIPAKSRNLTSYFS
cTPARA71	Chloroplaste	Arabidopsis thaliana	Rowland et al (2015)	AT4G09650.1		MASLQQTLFSLQSKLPPSSFQIARSLPLRKTFPIRINNGGNAAGARMS
cTPARA72	Chloroplaste	Arabidopsis thaliana	Rowland et al (2015)	AT4G14680.1		MASMSTVFPKPTSFISQPLTKSHKSDSVTTSISFPSNSKTRSLRTISVRAG
cTPARA73	Chloroplaste	Arabidopsis thaliana	Rowland et al (2015)	AT4G16060.1		MIALSLSVSLTSLPFSFAFSSTPCKSRASPPRSTVSLSSSRRRQDRRRSIEAMS
cTPARA74	Chloroplaste	Arabidopsis thaliana	Rowland et al (2015)	AT4G17560.1		MAMSFHRLPQALHMIPRNPTQSSKNLGFSSFLSCAPSMDSRISVSRLSLNHPGSKFGFSLDTRVRNEFIVRA
cTPARA75	Chloroplaste	Arabidopsis thaliana	Rowland et al (2015)	AT4G18440.1		MELNFSSMAITHPKIPSFGFTPTGIFLNPSKSVCLASHHRLPRVSCS
cTPARA76	Chloroplaste	Arabidopsis thaliana	Rowland et al (2015)	AT4G21860.1		MAFNIITPGRVYSATSLTFVSTIKAAFVKPPLASPSRRNLLRFSSSPLSFPSLRRGFHGGRIVAMG
cTPARA77	Chloroplaste	Arabidopsis thaliana	Rowland et al (2015)	AT4G23100.2		MALLSQAGGSYTVVPSGVCSKAGTKAVVSGGVRNLDVLRMKEAFGSSYSRSLSTKSMLLHSVKRSKRGHQLIVAA
cTPARA78	Chloroplaste	Arabidopsis thaliana	Rowland et al (2015)	AT4G24280.1		MASSAAQIHVLGGIGFASSSSSKRNLNGKGGTFMPRSAFFGTRTGPFSTPTSAFLRMGTRNGGGASRYAVGPVRVVNE
cTPARA79	Chloroplaste	Arabidopsis thaliana	Rowland et al (2015)	AT4G24830.1		MAEISATSFPSSSSSALVIRSSHNGSLKCQNVAVPKTTSQFQELSLKRSQLVGNAVVTGHVTGSRSCKNQAIRAV
cTPARA80	Chloroplaste	Arabidopsis thaliana	Rowland et al (2015)	AT4G26900.1		MEATAAPFSSIVSSRQNFSSSSSIRASSPASLFLSQKSIGNVNRKFKSPRSLSVRAS
cTPARA81	Chloroplaste	Arabidopsis thaliana	Rowland et al (2015)	AT4G28750.1		MAMTTASTVFVLPANVTSVAGASSSRSSVSFLPMRNAGSRLVVRA
cTPARA82	Chloroplaste	Arabidopsis thaliana	Rowland et al (2015)	AT4G33580.1		MAATPTHFSVSHDPFSSTSLLNLQTQAIFGPNHSLKTTQLRIPASFRRKATNLQVMAS
cTPARA83	Chloroplaste	Arabidopsis thaliana	Rowland et al (2015)	AT4G34740.1		MAATSSISSSLSLNAKPNKLSNNNNNNKPHRFLRNPFLNPSSSSFSPLPASISSSSSSPSFPLRVSNPLTLLAADNDDYDEKPREEC
cTPARA84	Chloroplaste	Arabidopsis thaliana	Rowland et al (2015)	AT4G35630.1		MAATTNSFLVGSNNTQIPALKPKSSSQSFLHLSKPNTVNFVSKTKPVAVRCV
cTPARA85	Chloroplaste	Arabidopsis thaliana	Rowland et al (2015)	AT4G37000.1		MAMIFCNTLYSSSSPSYLSPLTSKPSRFSKNLRPRAQ
cTPARA86	Chloroplaste	Arabidopsis thaliana	Rowland et al (2015)	AT4G38970.1		MASTSLLKASPVLDKSEWVKGQSVLFRQPSSASVVLRNRATSLTVRAA
cTPARA87	Chloroplaste	Arabidopsis thaliana	Rowland et al (2015)	AT5G09650.1		MAATRVLTAATAVTQTTSCFLAKQAFTLPAKKSCGGFGGLCFSRRALVLKSKRPFSCSAI
cTPARA88	Chloroplaste	Arabidopsis thaliana	Rowland et al (2015)	AT5G14260.1		MEGVITCFHTKCVSLPIRSFPLSRVSSLPRWRNNKLISSSRSVHLRSLCV
cTPARA89	Chloroplaste	Arabidopsis thaliana	Rowland et al (2015)	AT5G19220.1		MVVSADCRISLSAPSCIRSSSTGLTRHIKLGSFCNGELMGKKLNLSQLPNIRLRSSTNFSQKRILMS
cTPARA90	Chloroplaste	Arabidopsis thaliana	Rowland et al (2015)	AT5G20720.1		MAATQLTASPVTMSARSLASLDGLRASSVKFSSLKPGTLRQSQFRRLVVKAA
cTPARA91	Chloroplaste	Arabidopsis thaliana	Rowland et al (2015)	AT5G22620.1		MISLPLTTPILPSRCLLHKTRRQNSTRRRLLIRSS
cTPARA92	Chloroplaste	Arabidopsis thaliana	Rowland et al (2015)	AT5G22800.1		MNFSRVNLFDFPLRPILLSHPSSIFVSTRFVTRTSAGVSPSILLPRSTQSPQIIAKS
cTPARA93	Chloroplaste	Arabidopsis thaliana	Rowland et al (2015)	AT5G35630.1		MAQILAASPTCQMRVPKHSSVIASSSKLWSSVVLKQKKQSNNKVRGFRVLAL
cTPARA94	Chloroplaste	Arabidopsis thaliana	Rowland et al (2015)	AT5G38410.1, AT5G38420.1		MASSMLSSAAVVTSPAQATMVAPFTGLKSSAAFPVTRKTNKDITSIASNGGRVSCM
cTPARA95	Chloroplaste	Arabidopsis thaliana	Rowland et al (2015)	AT5G38430.1		MASSMLSSAAVVTSPAQATMVAPFTGLKSSASFPVTRKANNDITSITSNGGRVSCM
cTPARA96	Chloroplaste	Arabidopsis thaliana	Rowland et al (2015)	AT5G43780.1		MASSAAAIVSGSPFRSSPLIHNHHASRYAPGSISVVSLPRQVSRRGLSVKSG
cTPARA97	Chloroplaste	Arabidopsis thaliana	Rowland et al (2015)	AT5G48300.1		MASVSAIGVLKVPPASTSNSTGKATEAVPTRTLSFSSSVTSSDDKISLKSTVSRLCKSVVRRNPIIVSPKAV
cTPARA98	Chloroplaste	Arabidopsis thaliana	Rowland et al (2015)	AT5G51110.1		MAATSSSPPCNISASSLLLRQPSRSILKVFGLLPPVSRNNRKLGRLTVTRSN
cTPARA99	Chloroplaste	Arabidopsis thaliana	Rowland et al (2015)	AT5G52920.1		MAQVVATRSIQGSMLSPNGGSVSTRSEKLLKPASFAVKVLGNEAKRSGRVSVRSRRVVDTTVRSA
cTPARA100	Chloroplaste	Arabidopsis thaliana	Rowland et al (2015)	AT5G54770.1		MAAIASTLSLSSTKPQRLFDSSFHGSAISAAPISIGLKPRSFSVRAT
cTPARA101	Chloroplaste	Arabidopsis thaliana	Rowland et al (2015)	AT5G60600.1		MATGVLPAPVSGIKIPDSKVGFGKSMNLVRICDVRSLRSARRRVSVIRNS
cTPARA102	Chloroplaste	Arabidopsis thaliana	Rowland et al (2015)	AT5G62790.2		MTLNSLSPAESKAISFLDTSRFNPIPKLSGGFSLRRRNQGRGFGKGVKCS
cTPARA103	Chloroplaste	Arabidopsis thaliana	Rowland et al (2015)	AT5G63310.1		MVGATVVSKWTPLCVASPPERNSASLNPHCSPARVNFRTALAAFRPQFRLFSRNSASRRRLRASSSAESGIFLPHLVAS
cTPARA104	Chloroplaste	Arabidopsis thaliana	Rowland et al (2015)	AT5G63980.1		MMSINCFRTAKAPLQSFVAVRTNSRPRNSSNRLVSVFGRKSSSPSFVTLRVVSS
cTPARA105	Chloroplaste	Arabidopsis thaliana	Rowland et al (2015)	AT5G66120.2		MAANTISLSNVAASKNLNSFQSRAFIAPPTIFFPVASAKSKPGELSLSSTTLSRSRVRA
cTPARA106	Chloroplaste	Arabidopsis thaliana	Changrong Ge et al (2014)	AT5G36880	acetyl-CoA synthetase, putative / acetate-CoA ligase, putative	MSSNSLRHVESMSQLPSGAGKISQLN
cTPARA107	Chloroplaste	Arabidopsis thaliana	Changrong Ge et al (2014)	AT2G37500	arginine biosynthesis protein ArgJ family	MHSCSHTHFVSFKLPHFFAPKSFVVSSRRELRVFA
cTPARA108	Chloroplaste	Arabidopsis thaliana	Changrong Ge et al (2014)	AT1G15710	prephenate dehydrogenase family protein	MLLHFSPAKPLISPPNLRRNSPTFLISPPRSLRIRA
cTPARA109	Chloroplaste	Arabidopsis thaliana	Changrong Ge et al (2014)	AT5G38520	ï¿½hydrolase, alpha/beta fold family protein	MRALTWTAMSPPVMSRTATSTVNLRRISLRRDRVCVRA
cTPARA110	Chloroplaste	Arabidopsis thaliana	Changrong Ge et al (2014)	AT1G54350	ABC transporter family protein	MILMITAPVCPPHLLLRHSSLLRHESSIGNFHRKKNPRFRTVSC
cTPARA111	Chloroplaste	Arabidopsis thaliana	Changrong Ge et al (2014)	AT3G15840	PIFI (post-illumination chlorophyll fluorescence increase)	MAAAANTSAVFASPSQPLSSKRSFLYSSRIGPILRRFPRKKLDLQVKA
cTPARA112	Chloroplaste	Arabidopsis thaliana	Changrong Ge et al (2014)	AT1G68590	plastid-specific 30S ribosomal protein 3, putative / PSRP-3, putative	MMSSMALSSTSLCSSFISQHPKLSITASPPLFHTQTTKPISVKRKIITL
cTPARA113	Chloroplaste	Arabidopsis thaliana	Changrong Ge et al (2014)	AT2G24820	TIC55 (TRANSLOCON AT THE INNER ENVELOPE MEMBRANE OF CHLOROPLASTS 55); 2 iron, 2 sulfur cluster binding / electron carrier/ oxidoreductase	MAVPFLSSSLQLTPTSPILFTKVTPTPIIHNHRSTCTIPTKPRLRLLRRS
cTPARA114	Chloroplaste	Arabidopsis thaliana	Changrong Ge et al (2014)	AT3G05625	binding	MSLTQIVNPIIYPSRTIPRRFTAISPFKTLSPQFSRHPPHALSRRLFLPS
cTPARA115	Chloroplaste	Arabidopsis thaliana	Changrong Ge et al (2014)	AT1G14345	oxidoreductase	MAASSSIPPSTAVTSVVRKSLLLSTTFSFPASSLSPSTKLPQRHIQRLLL
cTPARA116	Chloroplaste	Arabidopsis thaliana	Changrong Ge et al (2014)	AT4G03280	PETC (PHOTOSYNTHETIC ELECTRON TRANSFER C); electron transporter, transferring electrons from cytochrome b6/f complex of photosystem II	MASSSLSPATQLGSSRSALMAMSSGLFVKPTKMNHQMVRKEKIGLRISCQ
cTPARA117	Chloroplaste	Arabidopsis thaliana	Changrong Ge et al (2014)	AT1G06950	TIC110 (TRANSLOCON AT THE INNER ENVELOPE MEMBRANE OF CHLOROPLASTS 110)	MNPSLVTAINAPISPSPRSPLLSHFLPTLPHRFSKSECLSRRRYRVSFPRS
cTPARA118	Chloroplaste	Arabidopsis thaliana	Changrong Ge et al (2014)	AT5G51820	PGM (PHOSPHOGLUCOMUTASE); phosphoglucomutase	MTSTYTRFDTVFLFSRFAGAKYSPLLPSPSFTLSTSGIHIRTKPNSRFHSIIA
cTPARA119	Chloroplaste	Arabidopsis thaliana	Changrong Ge et al (2014)	AT3G26070	plastid-lipid associated protein PAP / fibrillin family protein	MALPSCLKTGALMSPATGFNFSGSLMKSDSGFAVPTKLQSTRKGDRERLRVQA
cTPARA120	Chloroplaste	Arabidopsis thaliana	Changrong Ge et al (2014)	AT5G37360	unknown protein	MASCSSSSISLLQPLHSLSSSTLFFSQPSFHFSSSLKPNKSKRHNLSKSLTLRF
cTPARA121	Chloroplaste	Arabidopsis thaliana	Changrong Ge et al (2014)	AT3G15690	biotin carboxyl carrier protein of acetyl-CoA carboxylase-related	MASCSLGVPKIKISAVDLSRVRSGSLLIPYNQRSLLRQRPVKYLSLKTTFGSVKA
cTPARA122	Chloroplaste	Arabidopsis thaliana	Changrong Ge et al (2014)	AT3G58010	unknown protein	MALIQHGSVSGTSAVRLSFSSSVSPPSSSPPLSRVSLNFQSEKKSCYRRMICRAM
cTPARA123	Chloroplaste	Arabidopsis thaliana	Changrong Ge et al (2014)	AT1G56500	haloacid dehalogenase-like hydrolase family protein	MALKLTSPPSVFSQSRRLSSSSLIPIRSKSTFTGFRSRTGVYLSKTTALQSSTKLS
cTPARA124	Chloroplaste	Arabidopsis thaliana	Changrong Ge et al (2014)	AT1G20020	FNR2 (FERREDOXIN-NADP(+)-OXIDOREDUCTASE 2); NADPH dehydrogenase/ oxidoreductase/ poly(U) binding	MATTMNAAVSLTSSNSSSFPATSCAIAPERIRFTKGAFYYKSNNVVTGKRVFSIKA
cTPARA125	Chloroplaste	Arabidopsis thaliana	Changrong Ge et al (2014)	AT5G45930	CHLI2 (MAGNESIUM CHELATASE I2); ATPase/ magnesium chelatase	MASLLGRSPSSILTCPRISSPSSTSSMSHLCFGPEKLSGRIQFNPKKNRSRYHVSVMN
cTPARA126	Chloroplaste	Arabidopsis thaliana	Changrong Ge et al (2014)	AT1G08640	unknown protein	MAPALSTSCSSVMAFSTSNALRYHHPQISLRNSLRAPKSPSFVRLPLGKVLQSRIVIRA
cTPARA127	Chloroplaste	Arabidopsis thaliana	Changrong Ge et al (2014)	AT1G71500	Rieske (2Fe-2S) domain-containing protein	MATTASSSLPRNYSFTTPRPSSFIRGPPLARTLPLYLRRNRRVALTYRLDQNSKQRSGGNVRC
cTPARA128	Chloroplaste	Arabidopsis thaliana	Changrong Ge et al (2014)	AT4G35250	vestitone reductase-related	MASLRLPAQLVTRGNLIHHNSSSSSSGRLSWRRSLTPENTIPLFPSSSSSSLNRERSIVVPVTC
cTPARA129	Chloroplaste	Arabidopsis thaliana	Changrong Ge et al (2014)	AT3G48420	haloacid dehalogenase-like hydrolase family protein	MATVKISLSLASLSPSSSSSSIQSKLSPSFIPNAAPAKAVKLRFNGKSLRAKPMVYRSSRSVGVTC
cTPARA130	Chloroplaste	Arabidopsis thaliana	Changrong Ge et al (2014)	AT1G03630	POR C (PROTOCHLOROPHYLLIDE OXIDOREDUCTASE); NADPH dehydrogenase/ oxidoreductase/ protochlorophyllide reductase	MALQAAYSLLPSTISIQKEGKFNASLKETTFTGSSFSNHLRAEKISTLLTIKEQRRQKPRFSTGIRAQ
cTPARA131	Chloroplaste	Arabidopsis thaliana	Changrong Ge et al (2014)	AT1G53520	chalcone-flavanone isomerase-related	MDGILAAVPSAVCVSLRISCRNLDNAESIYHFPGKSLNRVSVLQTGNYVSRKGNSLLKNRHCGEISRVIVKS
cTPARA132	Chloroplaste	Arabidopsis thaliana	Changrong Ge et al (2014)	AT5G65840	unknown protein	MILVSESPMAILSLRSSSSLPLICSTISPLCSKPMLSQLPSNFSSSIASVPVTKLKSSYSSSVSPISRPRVVSAR
