Index	Group	Name	Source	Species	Sequence
tSP1	tSP	O82660	Zybaloiv et al.(2008)	Arabidopsis thaliana	RRELLYQSAAVSLSLSSIVGPARA
tSP2	tSP	Q39102	Zybaloiv et al.(2008)	Arabidopsis thaliana	SQDENSPNGKPNSPFSSQVALAAILLSSISSSPLALA
tSP3	tSP	Q9SR70	Zybaloiv et al.(2008)	Arabidopsis thaliana	SCEGRRVLLGCLLATASGILSTGSAEA
tSP4	tSP	Q9LYR5	Zybaloiv et al.(2008)	Arabidopsis thaliana	ARLADQSDDFAPLRSSGGNCGCVNNSGEFDRRKLLVSSVGLLIGALSYDSKDGDFASA
tSP5	tSP	Q0WRJ7	Zybaloiv et al.(2008)	Arabidopsis thaliana	SLSEEPKDQCLSRRSLVYVLVASPCLLLPALSSSA
tSP6	tSP	O22870	Zybaloiv et al.(2008)	Arabidopsis thaliana	SETREQSCKISNLSSRREAMLLVLGVSGGLSMSSLAAYA
tSP7	tSP	Q9SCY2	Zybaloiv et al.(2008)	Arabidopsis thaliana	SEKRKCRFLVNNSLNKAEAINLRNKQKVSSDPELSFAQLSSCGRREAIIGFGFSIGLLDNVSALA
tSP8	tSP	Q9FH02	Zybaloiv et al.(2008)	Arabidopsis thaliana	AALAALLFSSSSPQALA
tSP9	tSP	Q8W585	Zybaloiv et al.(2008)	Arabidopsis thaliana	SLDEKKHEGRRGFFKLLLGNAAAGVGLLASGNANA
tSP10	tSP	O80860	Zybaloiv et al.(2008)	Arabidopsis thaliana	SLDGKKKQEGRRDFLKILLGNAGVGLVASGKANA
tSP11	tSP	P42699	Zybaloiv et al.(2008)	Arabidopsis thaliana	VAAAASIALAGNAMA
tSP12	tSP	P23321	Zybaloiv et al.(2008)	Arabidopsis thaliana	GKCSDAVKIAGFALATSALVVSGASA
tSP13	tSP	Q9SGH4	Zybaloiv et al.(2008)	Arabidopsis thaliana	TEEFQEPDSVQITRRMTLGFAVSIGLTGILGENNVSLA
tSP14	tSP	Q9XFT3	UNIPROT	Arabidopsis thaliana	QQSEETSRRSVIGLVAAGLAGGSFVQAVLA
tSP15	tSP	Q9SCY3	Zybaloiv et al.(2008)	Arabidopsis thaliana	LCSSSSDCEPKLSVKKRVFGVGLGFLASSILSLTPLDADA
tSP16	tSP	Q8VY52	Zybaloiv et al.(2008)	Arabidopsis thaliana	QNPSSTVSINLSKRHLNLSILTLFFNGFLLDNKA
tSP17	tSP	P82715	Zybaloiv et al.(2008)	Arabidopsis thaliana	SSNISSKYHGASKELMIARSGVSTRSISSEKGLSRRDLVLIGLSSPLSMFLPLSSPVTHA
tSP18	tSP	O49292	Zybaloiv et al.(2008)	Arabidopsis thaliana	ASGLVSSTTALAFPREGLA
tSP19	tSP	Q9SHE8	Zybaloiv et al.(2008)	Arabidopsis thaliana	DDKSSSSTPQSMKAFSAAVALSSILLSAPMPAVA
tSP20	tSP	Q9S841	Zybaloiv et al.(2008)	Arabidopsis thaliana	GKCSDAAKIAGFALATSALVVSGAGA
tSP21	tSP	Q41932	Zybaloiv et al.(2008)	Arabidopsis thaliana	QNVSVPESSRRSVIGLVAAGLAGGSFVKAVFA
tSP22	tSP	Q9SEL7	Zybaloiv et al.(2008)	Arabidopsis thaliana	CSGSNHVDVIDRRRRIMIFGSSLALTSSLLGSNQQRLPMESAIA
tSP23	tSP	P82869	Zybaloiv et al.(2008)	Arabidopsis thaliana	SIDSKLNTFEAGSKNLEKLVATILIFVQVWSPLPLFGLDSAYISPAEA
tSP24	tSP	Q9SSA5	Zybaloiv et al.(2008)	Arabidopsis thaliana	SSGNTRYTKQRGAFTSLKECAISLALSVGLMVSVPSIALPPNAHA
tSP25	tSP	O22609	Zybaloiv et al.(2008)	Arabidopsis thaliana	SKRYFRILSKLSLNDNNRDDDDDTLHFTPFSAVKPFFLLCTSVALSFSLFAASPAVESASA
tSP26	tSP	O22773	Zybaloiv et al.(2008)	Arabidopsis thaliana	SLLWKRRELSLGFMSSLVAIGLVSNDRRRHDANA
tSP27	tSP	Q8H1Q1	Zybaloiv et al.(2008)	Arabidopsis thaliana	SAESNTWKRILSAAMAAAVIASSSGVPAMA
tSP28	tSP	P82281	Zybaloiv et al.(2008)	Arabidopsis thaliana	CSKIEPQVSGESLAFHRRDVLKLAGTAVGMELIGNGFINNVGDAKA
tSP29	tSP	O22160	Zybaloiv et al.(2008)	Arabidopsis thaliana	SQSQEGKEVVTSPLRSVVWSLGEEVSKRSLFALVSASLFFVDPALA
tSP30	tSP	Q9LVV5	Zybaloiv et al.(2008)	Arabidopsis thaliana	SSSRLSLKTSGDEENWVSRFRSKSLSLVFSGALALGLSLSGVGFADA
tSP31	tSP	Q9SW33	Zybaloiv et al.(2008)	Arabidopsis thaliana	CSLQSPKQEQELSSTSPPISLLPKLISFALAISLTSFSPALA
tSP32	tSP	Q9XI73	Zybaloiv et al.(2008)	Arabidopsis thaliana	TGEPQQDIFTRRRTLTSLITFTVIGGATSSALA
tSP33	tSP	Q9S720	Zybaloiv et al.(2008)	Arabidopsis thaliana	SSISAAISVLDSSNEEQHRISSRDHVGMKRRDVMLQIASSVFFLPLAISPAFA
tSP34	tSP	Q9SPI9	UNIPROT	Chlamydomonas reinhardtii (Chlamydomonas smithii)	TTVRSEVAKKVAMLSTLPATLAAHPAFA
tSP35	tSP	Q9ZQS5	UNIPROT	Cyanidium caldarium (Red alga)	RALLSGALAAAVAAALARARPAQA
tSP36	tSP	Q41387	UNIPROT	Spinacia oleracea (Spinach)	ASLLAAAAAATISNPAMA
tSP37	tSP	O04073	UNIPROT	Tetradesmus obliquus (Green alga) (Acutodesmus obliquus)	TTAAAAKRDQAQEQQPWIQVGLGLAAAATAVAVGLGAAALPAQA
tSP38	tSP	P23577	UNIPROT	Chlamydomonas reinhardtii (Chlamydomonas smithii)	MSNQVFTTLRAATLAVILGMAGGLAVSPAQA
tSP39	tSP	P36438	UNIPROT	Brassica rapa subsp. rapa (Turnip)	MQTRNTFSWIREEITRSISVSLMIYIITWASISSA
tSP40	tSP	Q76FB0	UNIPROT	Cyanidium caldarium (Red alga)	MFVKMIGWLVLFLFAHQTWA
tSP41	tSP	O80634	Zybaloiv et al.(2008)	Arabidopsis thaliana	RRQALVGVGTLVATSIPATLLLA
tSP42	tSP	Q42029	Zybaloiv et al.(2008)	Arabidopsis thaliana	LSKPVQIICKAQQSHEDDNSAVSRRLALTLLVGAAAVGSKVSPADA
tSP43	tSP	Q9LR64	Zybaloiv et al.(2008)	Arabidopsis thaliana	LAATSTLLTQSIQFLAPAPVSA
tSP44	tSP	Q9LXX5	Zybaloiv et al.(2008)	Arabidopsis thaliana	ASSQQQQQPRRRELLLKSAVAIPAILQLKEAPISAA
tSP45	tSP	Q9ZVL6	Zybaloiv et al.(2008)	Arabidopsis thaliana	FTKPESRNWLIDAKQGLAALALSLTLTFSPVGTALA
tSP46	tSP	P49107	Zybaloiv et al.(2008)	Arabidopsis thaliana	AQRVVGDDVDGSNGRRSAMVFLAATLFSTAAVSASA
tSP47	tSP	O23403	Zybaloiv et al.(2008)	Arabidopsis thaliana	AVGRRKSMMMGLLMSGLIVSQANLPTAFA
tSP48	tSP	Q9LM71	Zybaloiv et al.(2008)	Arabidopsis thaliana	AFSVPISRRDASIILLSSIPLTSFFVLTPSSSEA
tSP49	tSP	P81760	Zybaloiv et al.(2008)	Arabidopsis thaliana	CSAGENRENGEGVKKSLFPLKELGSIACAALCACTLTIASPVIA
tSP50	tSP	P82538	Zybaloiv et al.(2008)	Arabidopsis thaliana	SSHLQDKCQRRLIVTFGVVAPWISLLSRAPLSFA
tSP51	tSP	Q9LU10	Zybaloiv et al.(2008)	Arabidopsis thaliana	RRILLTSLFMNLCFNPSRYLSALA
tSP52	tSP	Q39249	Zybaloiv et al.(2008)	Arabidopsis thaliana	KNELKELTAPLLLKLVGVLACAFLIVPSADA
tSP53	tSP	Q9ZVZ9	Zybaloiv et al.(2008)	Arabidopsis thaliana	RRGFLKCVVGASSFMATIEFSGLQAQA
tSP54	tSP	AT4G21280.1	Zybaloiv et al.(2008)	Arabidopsis thaliana	AQQSEETSRRSVIGLVAAGLAGGSFVQAVLADA
tSP55	tSP	AT2G23670.1	Zybaloiv et al.(2008)	Arabidopsis thaliana	RRNLLFSLTAATVVTGLQPASMA
tSP56	tSP	AT5G42765.1	Zybaloiv et al.(2008)	Arabidopsis thaliana	RRDATVLSSATSLLLTLSPTNPAFA
tSP57	tSP	AT2G36145.1	Zybaloiv et al.(2008)	Arabidopsis thaliana	KRAIVANASPGNGGVKA
